gen,evals,avg,max
0,20,0.40625,0.75
1,10,0.5375,0.75
2,15,0.5125,0.75
3,14,0.46875,0.75
4,17,0.40625,0.75
5,9,0.46875,0.75
6,14,0.4875,0.75
7,14,0.53125,0.75
8,17,0.4625,0.75
9,16,0.48125,0.75
