gen,evals,avg,max
0,200,0.391875,0.875
1,163,0.439375,0.875
2,162,0.450625,0.875
3,163,0.451875,0.875
4,141,0.499375,0.875
5,159,0.500625,1.0
6,144,0.5025,1.0
7,160,0.479375,1.0
8,144,0.52375,1.0
9,157,0.51,1.0
